ID,Repositorium,Vorname Autor,Nachname Autor,Nationalität,Pseudonym/Anderer Name,Gesamtname Autor,Geburtsjahr,Sterbejahr,Autor:innengender,Titel,Dateiname,verwendetes Datum,Wörter,Typen,norm_year,Tier,Pflanze,Lebensraum,Gesamt,Dichte
1,gutenberg,Louise,Anklam,Deutschland,,Louise Anklam,,,female,Der wilde Arno,Anklam_Louise_Kindergeschichten_Der_wilde_Arno,1898,3895,1325,1898,9,24,12,45,"0,01155327343"
2,gutenberg,Marie,Bernhard,Deutschland,Bernhard Frey,Marie Bernhard,1852,1937,female,Heimatluft,Bernhard_Marie_Heimatluft,1905,17902,4522,1905,22,102,101,225,"0,01256842811"
3,gutenberg,Ida,Bindschedler,Schweiz,,Ida Bindschedler,1854,1919,female,Die Turnachkinder im Sommer,Bindschedler_Ida_Die_Turnachkinder_im_Sommer,1906,62232,7351,1906,464,412,499,1375,"0,02209474225"
4,gutenberg,Ida,Bindschedler,Schweiz,,Ida Bindschedler,1854,1919,female,Die Turnachkinder im Winter,Bindschedler_Ida_Die_Turnachkinder_im_Winter,1909,58220,7659,1909,443,192,189,824,"0,01415321195"
5,gutenberg,Helene,Böhlau,Deutschland,Helene al Raschid Bey,Helene Böhlau,1856,1940,female,Das ehrbußliche Weiblein,Boehlau_Helene_Altweimarische_Liebesgeschichten_Das_ehrbussliche_Weiblein,1897,9266,2275,1897,39,16,16,71,"0,007662421757"
6,gutenberg,Helene,Böhlau,Deutschland,Helene al Raschid Bey,Helene Böhlau,1856,1940,female,Im alten Rödchen zu Weimar,Boehlau_Helene_Altweimarische_Liebesgeschichten_Im_alten_Roedchen,1897,26971,5184,1897,141,121,115,377,"0,01397797634"
7,gutenberg,Helene,Böhlau,Deutschland,Helene al Raschid Bey,Helene Böhlau,1856,1940,female,Ein Sommerbuch,Boehlau_Helene_Ein_Sommerbuch,1910,60163,9015,1910,176,295,330,801,"0,01331383076"
8,textgrid,Luise,Büchner,Deutschland,,Luise Büchner,1821,1877,female,Der kleine Vagabund,Buechner_Luise_Der_kleine_Vagabund,1877,10084,2742,1877,32,37,59,128,"0,01269337564"
9,textgrid,Luise,Büchner,Deutschland,,Luise Büchner,1821,1877,female,Die Fee von Argouges,Buechner_Luise_Die_Fee_von_Argouges,1878,2264,955,1878,9,15,22,46,"0,0203180212"
10,textgrid,Ada,Christen,Österreich,Christi(a)na von Breden,Ada Christen,1839,1901,female,Als er heimkehrte,Christen_Ada_Als_er_heimkehrte,1884,6529,1934,1884,31,15,10,56,"0,008577117476"
11,textgrid,Ada,Christen,Österreich,Christi(a)na von Breden,Ada Christen,1839,1901,female,Der einsame Spatz,Christen_Ada_Der_einsame_Spatz,1884,3722,1431,1884,29,9,12,50,"0,01343363783"
12,textgrid,Ada,Christen,Österreich,Christi(a)na von Breden,Ada Christen,1839,1901,female,Käthes Federhut,Christen_Ada_Kaethes_Federhut,1876,3754,1190,1876,33,4,9,46,"0,01225359616"
13,textgrid,Ada,Christen,Österreich,Christi(a)na von Breden,Ada Christen,1839,1901,female,Nachbar Krippelmacher,Christen_Ada_Nachbar_Krippelmacher,1884,2934,1154,1884,10,10,8,28,"0,009543285617"
14,DTA,Juliane,Déry,Ungarn/Österreich/Deutschland,"Juliane Deutsch, Juliane Decsy",Juliane Déry,1864,1899,female,Selige Liebe,Dery_Juliane_Selige_Liebe,1892,3580,1392,1892,12,43,36,91,"0,02541899441"
15,gutenberg,Jenny,Dirnböck-Schulz,Tschechien,,Jenny Dirnböck-Schulz,1850,1918,female,Aus Mizi's Memoiren,Dirnboeck-Schulz_Jenny_Aus_Mizis_Memoiren,1895,1726,743,1895,9,17,19,45,"0,02607184241"
16,textgrid,Hedwig,Dohm,Deutschland,Marianne Adelaide Hedwig Dohm,Hedwig Dohm,1831,1919,female,"Werde, die Du bist!",Dohm_Hedwig_Werde,1894,20012,4596,1894,59,138,166,363,"0,01813911653"
17,textgrid,Ilse,Frapan,Deutschland,"Elise Therese Levien, Ilse Frapan-Akunian",Ilse Frapan,1849,1908,female,Altmodische Leute,Frapan_Ilse_Altmodische_Leute,1890,11111,3064,1890,34,48,30,112,"0,0100801008"
18,textgrid,Ilse,Frapan,Deutschland,"Elise Therese Levien, Ilse Frapan-Akunian",Ilse Frapan,1849,1908,female,»Uns' Ida«,Frapan_Ilse_Uns_Ida,1890,4088,1383,1890,27,7,12,46,"0,01125244618"
19,gutenberg,Ilse,Frapan,Deutschland,"Elise Therese Levien, Ilse Frapan-Akunian",Ilse Frapan,1849,1908,female,Ameise,Frapan_Ilse_Was_der_Alltag_dichtet_Ameise,1899,7205,2346,1899,52,4,14,70,"0,009715475364"
20,gutenberg,Ilse,Frapan,Deutschland,"Elise Therese Levien, Ilse Frapan-Akunian",Ilse Frapan,1849,1908,female,Dort oben,Frapan_Ilse_Was_der_Alltag_dichtet_Dort_oben,1899,10574,2395,1899,19,41,21,81,"0,007660298846"
21,gutenberg,Agnes,Günther,Deutschland,Agnes Breuning,Agnes Günther,1863,1911,female,Die Heilige und ihr Narr,Guenther_Agnes_Die_Heilige,1913,223793,19234,1913,597,1685,930,3212,"0,01435254901"
22,gutenberg,Agnes,Harder,Deutschland,,Agnes Harder,1864,1939,female,Schlumski,Harder_Agnes_Schlumski,1916,33479,5157,1916,540,132,100,772,"0,02305923116"
23,gutenberg,Wilhelmine,Heimburg,Deutschland,Emilie Wilhelmine Bertha Behrens,Wilhelmine Heimburg,1848,1912,female,Großmutters Kathrin,Heimburg_Wilhelmine_Alte_Liebe_und_anderes_Grossmutters_Kathrin,1904,10331,2851,1904,27,14,37,78,"0,007550091956"
24,gutenberg,Wilhelmine,Heimburg,Deutschland,Emilie Wilhelmine Bertha Behrens,Wilhelmine Heimburg,1848,1912,female,Maiblumen,Heimburg_Wilhelmine_Alte_Liebe_und_anderes_Maiblumen,1904,5751,1921,1904,12,54,26,92,"0,01599721788"
25,gutenberg,Wilhelmine,Heimburg,Deutschland,Emilie Wilhelmine Bertha Behrens,Wilhelmine Heimburg,1848,1912,female,Originale,Heimburg_Wilhelmine_Alte_Liebe_und_anderes_Originale,1904,14982,4352,1904,53,78,62,193,"0,01288212522"
26,textgrid,Maria,Janitschek,Deutschland,Maria Tölk,Maria Janitschek,1859,1927,female,Das kleine Hündchen,Janitschek_Maria_Das_kleine_Huendchen,1897,3940,1451,1897,30,5,20,55,"0,01395939086"
27,textgrid,Maria,Janitschek,Deutschland,Maria Tölk,Maria Janitschek,1859,1927,female,Kind Gottes,Janitschek_Maria_Kind_Gottes,1897,1991,798,1897,7,5,19,31,"0,01557006529"
28,textgrid,Maria,Janitschek,Deutschland,Maria Tölk,Maria Janitschek,1859,1927,female,Klare Rechnung,Janitschek_Maria_Klare_Rechnung,1897,7196,2322,1897,21,25,52,98,"0,01361867704"
29,gutenberg,Alma Johanna,Koenig,Österreich,Johannes Herdan,Alma Johanna Koenig,1887,1942,female,Schibes,Koenig_Alma_Johanna_Schibes,1920,12757,2783,1920,124,18,20,162,"0,0126989104"
30,gutenberg,Charlotte,Niese,Deutschland,,Charlotte Niese,1854,1935,female,Aus dänischer Zeit,Niese_Charlotte_Aus_daenischer_Zeit,1892-1894,88030,10759,1892,343,131,224,698,"0,007929115074"
31,gutenberg,Charlotte,Niese,Deutschland,,Charlotte Niese,1854,1935,female,Der verrückte Flinsheim,Niese_Charlotte_Der_verrueckte_Flinsheim,1914,12200,2820,1914,18,17,29,64,"0,005245901639"
32,gutenberg,Charlotte,Niese,Deutschland,,Charlotte Niese,1854,1935,female,Die falschen Weihnachtsbäume,Niese_Charlotte_Die_falschen_Weihnachtsbaeume,1920,5773,1517,1920,17,67,32,116,"0,02009353889"
33,gutenberg,Charlotte,Niese,Deutschland,,Charlotte Niese,1854,1935,female,Corisande,Niese_Charlotte_Geschichten_aus_Corisande_Corisande,1896,7025,1779,1896,7,29,13,49,"0,006975088968"
34,gutenberg,Bertha,Pappenheim,Deutschland/Österreich,,Bertha Pappenheim,1859,1936,female,Im Storchenland,Pappenheim_Bertha_Erzaehlungen_Im_Storchenland,1916,2263,933,1916,49,18,31,98,"0,04330534688"
35,gutenberg,Agnes,Sapper,Deutschland,Agnes Brater,Agnes Sapper,1852,1929,female,Das Mooserl,Sapper_Agnes_Das_kleine_Dummerle_Das_Mooserl,1901,1828,674,1901,1,27,17,45,"0,02461706783"
36,gutenberg,Agnes,Sapper,Deutschland,Agnes Brater,Agnes Sapper,1852,1929,female,"Helf, wer helfen kann!",Sapper_Agnes_Das_kleine_Dummerle_Helf_wer_helfen_kann,1901,1418,537,1901,26,3,0,29,"0,02045133992"
37,gutenberg,Agnes,Sapper,Deutschland,Agnes Brater,Agnes Sapper,1852,1929,female,Die Familie Pfäffling,Sapper_Agnes_Die_Familie_Pfaeffling,1907,63983,7589,1907,54,122,24,200,"0,003125830299"
38,gutenberg,Johanna,Spyri,Schweiz,Johanna Louise Heusser,Johanna Spyri,1827,1901,female,Am Felsensprung,Spyri_Johanna_Am_Felsensprung,1886,12969,2289,1886,2,149,91,242,"0,01865988126"
39,gutenberg,Johanna,Spyri,Schweiz,Johanna Louise Heusser,Johanna Spyri,1827,1901,female,Aus dem Leben,Spyri_Johanna_Aus_dem_Leben,1901,44820,6122,1901,49,354,379,782,"0,01744756805"
40,gutenberg,Johanna,Spyri,Schweiz,Johanna Louise Heusser,Johanna Spyri,1827,1901,female,Beim Weiden-Joseph,Spyri_Johanna_Beim_Weiden-Joseph,1882,13657,2468,1882,49,60,73,182,"0,01332649923"
41,gutenberg,Johanna,Spyri,Schweiz,Johanna Louise Heusser,Johanna Spyri,1827,1901,female,Einer vom Hause Lesa,Spyri_Johanna_Einer_vom_Hause_Lesa,1890,61932,6305,1890,186,162,339,687,"0,01109281147"
42,gutenberg,Johanna,Spyri,Schweiz,Johanna Louise Heusser,Johanna Spyri,1827,1901,female,Rosenresli,Spyri_Johanna_Rosenresli,1882,6713,1385,1882,8,105,31,144,"0,02145091613"
43,gutenberg,Johanna,Spyri,Schweiz,Johanna Louise Heusser,Johanna Spyri,1827,1901,female,"Und wer nur Gott zum Freunde hat, dem hilft er immer wieder",Spyri_Johanna_Und_wer_nur_Gott,1882,7022,1641,1882,8,17,27,52,"0,007405297636"
44,gutenberg,Johanna,Spyri,Schweiz,Johanna Louise Heusser,Johanna Spyri,1827,1901,female,Was soll denn aus ihr werden?,Spyri_Johanna_Was_soll,1874,69563,6816,1874,62,274,307,643,"0,009243419634"
45,gutenberg,Frieda,von Bülow,Deutschland,Frieda Sophie Luise Freiin von Bülow,Frieda von Bülow,1857,1909,female,Die stilisierte Frau,von_Buelow_Frieda_Die_schoensten_Novellen_Die_stilisierte_Frau,1893,13725,3821,1893,16,41,38,95,"0,006921675774"
46,gutenberg,Frieda,von Bülow,Deutschland,Frieda Sophie Luise Freiin von Bülow,Frieda von Bülow,1857,1909,female,Sie und Er,von_Buelow_Frieda_Die_schoensten_Novellen_Sie_und_Er,1893,8214,2533,1893,9,18,9,36,"0,00438276114"
47,textgrid,Marie,von Ebner-Eschenbach,Österreich,Marie Dubský von Třebomyslice,Marie von Ebner-Eschenbach,1830,1916,female,Der gute Mond,von_Ebner-Eschenbach_Marie_Der_gute_Mond,1886,8724,2589,1886,27,15,23,65,"0,007450710683"
48,textgrid,Marie,von Ebner-Eschenbach,Österreich,Marie Dubský von Třebomyslice,Marie von Ebner-Eschenbach,1830,1916,female,Der Herr Hofrat,von_Ebner-Eschenbach_Marie_Der_Herr_Hofrat,1912,14438,4019,1912,25,45,41,111,"0,007688045436"
49,textgrid,Marie,von Ebner-Eschenbach,Österreich,Marie Dubský von Třebomyslice,Marie von Ebner-Eschenbach,1830,1916,female,Der Vorzugsschüler,von_Ebner-Eschenbach_Marie_Der_Vorzugsschueler,1898,12857,3406,1898,42,8,23,73,"0,005677840865"
50,textgrid,Marie,von Ebner-Eschenbach,Österreich,Marie Dubský von Třebomyslice,Marie von Ebner-Eschenbach,1830,1916,female,Die Freiherren von Gemperlein,von_Ebner-Eschenbach_Marie_Die_Freiherren_von_Gemperlein,1889,14745,4136,1889,58,37,59,154,"0,01044421838"
51,gutenberg,Marie,von Ebner-Eschenbach,Österreich,Marie Dubský von Třebomyslice,Marie von Ebner-Eschenbach,1830,1916,female,Die Spitzin,von_Ebner-Eschenbach_Marie_Die_Spitzin,1901,3498,1295,1901,41,4,10,55,"0,01572327044"
52,textgrid,Marie,von Ebner-Eschenbach,Österreich,Marie Dubský von Třebomyslice,Marie von Ebner-Eschenbach,1830,1916,female,Ein Spätgeborner,von_Ebner-Eschenbach_Marie_Ein_Spaetgeborner,1875,15738,4247,1875,23,14,26,63,"0,004003049943"
53,textgrid,Marie,von Ebner-Eschenbach,Österreich,Marie Dubský von Třebomyslice,Marie von Ebner-Eschenbach,1830,1916,female,Krambambuli,von_Ebner-Eschenbach_Marie_Krambambuli,1883,3811,1475,1883,80,22,15,117,"0,03070060352"
54,textgrid,Marie,von Ebner-Eschenbach,Österreich,Marie Dubský von Třebomyslice,Marie von Ebner-Eschenbach,1830,1916,female,Maslans Frau,von_Ebner-Eschenbach_Marie_Maslans_Frau,1901,11450,2984,1901,34,19,31,84,"0,007336244541"
55,gutenberg,Marie,von Ebner-Eschenbach,Österreich,Marie Dubský von Třebomyslice,Marie von Ebner-Eschenbach,1830,1916,female,Oversberg,von_Ebner-Eschenbach_Marie_Oversberg,1892,14044,3364,1892,32,13,32,77,"0,005482768442"
56,gutenberg,Nataly,von Eschstruth,Deutschland,"Nataly (Natalie) Auguste Karline Amalie Hermine von Eschstruth, Nataly von Knobelsdorff-Brenkenhoff",Nataly von Eschstruth,1860,1939,female,Hofluft,von_Eschstruth_Nataly_Hofluft,1889,104763,16828,1889,374,375,253,1002,"0,009564445463"
57,textgrid,Louise,von François,Deutschland,Marie Louise von François,Louise von François,1817,1893,female,Der Katzenjunker,von_Francois_Louise_Der_Katzenjunker,1879,36585,8756,1879,187,145,207,539,"0,01473281399"
58,textgrid,Louise,von François,Deutschland,Marie Louise von François,Louise von François,1817,1893,female,Phosphorus Hollunder,von_Francois_Louise_Phosphorus_Hollunder,1881,14070,4225,1881,27,43,33,103,"0,007320540156"
59,gutenberg,Elisabeth,von Heyking,Deutschland,geb. Elisabeth von Flemming,Elisabeth von Heyking,1861,1925,female,Aus dem Land der Ostseeritter,von_Heyking_Elisabeth_Aus_dem_Land,1903,8630,2817,1903,36,89,74,199,"0,02305909618"
60,textgrid,Elisabeth,von Heyking,Deutschland,geb. Elisabeth von Flemming,Elisabeth von Heyking,1861,1925,female,Das Geheimnis des Amerikaners,von_Heyking_Elisabeth_Das_Geheimnis_des_Amerikaners,1905,3843,1622,1905,6,1,16,23,"0,005984907624"
61,textgrid,Elisabeth,von Heyking,Deutschland,geb. Elisabeth von Flemming,Elisabeth von Heyking,1861,1925,female,Über einen Hund und die Monroe-Doktrin,von_Heyking_Elisabeth_Ueber_einen_Hund,1905,6261,2132,1905,50,5,52,107,"0,01708992174"
62,textgrid,Malwida,von Meysenbug,Deutschland,Malwida Rivalier,Malwida von Meysenbug,1816,1903,female,Der Pfad der Äbtissin,von_Meysenbug_Malwida_Der_Pfad_der_Aebtissin,1907,14782,3865,1907,19,63,120,202,"0,01366526857"
63,gutenberg,Ottilie,Wildermuth,Deutschland,Ottilie Rooschüz,Ottilie Wildermuth,1817,1877,female,Das Osterlied,Wildermuth_Ottilie_Die_alte_Freundin_Das_Osterlied,1900,6970,1851,1900,6,38,20,64,"0,009182209469"
64,gutenberg,Ottilie,Wildermuth,Deutschland,Ottilie Rooschüz,Ottilie Wildermuth,1817,1877,female,Des Herrn Pfarrers Kuh,Wildermuth_Ottilie_Die_alte_Freundin_Des_Herrn_Pfarrers_Kuh,1900,6756,1696,1900,90,11,34,135,"0,01998223801"
65,gutenberg,Ottilie,Wildermuth,Deutschland,Ottilie Rooschüz,Ottilie Wildermuth,1817,1877,female,Es ging ein Engel durch das Haus,Wildermuth_Ottilie_Die_alte_Freundin_Es_ging_ein_Engel_durch_das_Haus,1900,7935,2110,1900,21,61,40,122,"0,01537492124"
66,gutenberg,Sophie,Wörishöffer,Deutschland,Sophie Wörishöffer geb. Andresen,Sophie Wörishöffer,1838,1890,female,Das Naturforscherschiff,Woerishoeffer_Sophie_Das_Naturforscherschiff,1888,159073,20720,1888,3185,1563,2153,6901,"0,04338259793"
67,gutenberg,Sophie,Wörishöffer,Deutschland,Sophie Wörishöffer geb. Andresen,Sophie Wörishöffer,1838,1890,female,Gerettet aus Sibirien,Woerishoeffer_Sophie_Gerettet_aus_Sibirien,1885,65887,10288,1885,673,147,545,1365,"0,02071728869"
68,gutenberg,Sophie,Wörishöffer,Deutschland,Sophie Wörishöffer geb. Andresen,Sophie Wörishöffer,1838,1890,female,Onnen Visser - Der Schmugglersohn von Norderney,Woerishoeffer_Sophie_Onnen_Visser,1885,200652,20689,1885,1415,487,1341,3243,"0,01616231087"
69,gutenberg,Sophie,Wörishöffer,Deutschland,Sophie Wörishöffer geb. Andresen,Sophie Wörishöffer,1838,1890,female,Robert des Schiffsjungen Fahrten und Abenteuer auf der deutschen Handels- und Kriegsflotte,Woerishoeffer_Sophie_Robert_des_Schiffsjungen_Fahrten,1877,218995,22722,1877,1763,755,1954,4472,"0,02042055755"
70,textgrid,Franziska,zu Reventlow,Deutschland,"Fanny Gräfin zu Reventlow, Fanny Liane Wilhelmine Sophie Auguste Adrienne Gräfin zu Reventlow",Franziska zu Reventlow,1871,1918,female,Das Logierhaus »Zur schwankenden Weltkugel«,zu_Reventlow_Franziska_Das_Logierhaus_Zur,1917,5998,1955,1917,53,5,27,85,"0,01417139046"
71,textgrid,Franziska,zu Reventlow,Deutschland,"Fanny Gräfin zu Reventlow, Fanny Liane Wilhelmine Sophie Auguste Adrienne Gräfin zu Reventlow",Franziska zu Reventlow,1871,1918,female,Das polierte Männchen,zu_Reventlow_Franziska_Das_polierte_Maennchen,1917,4634,1375,1917,16,4,5,25,"0,005394907208"
72,textgrid,Franziska,zu Reventlow,Deutschland,"Fanny Gräfin zu Reventlow, Fanny Liane Wilhelmine Sophie Auguste Adrienne Gräfin zu Reventlow",Franziska zu Reventlow,1871,1918,female,Der Herr Fischötter,zu_Reventlow_Franziska_Der_Herr_Fischoetter,1917,2483,961,1917,14,0,15,29,"0,01167942006"
73,textgrid,Franziska,zu Reventlow,Deutschland,"Fanny Gräfin zu Reventlow, Fanny Liane Wilhelmine Sophie Auguste Adrienne Gräfin zu Reventlow",Franziska zu Reventlow,1871,1918,female,Die Silberwanze,zu_Reventlow_Franziska_Die_Silberwanze,1917,1317,651,1917,13,0,3,16,"0,01214882308"